14,14
3,3
14,14
23,23
4,4
0,0
64,64
50,50
33,33
42,42
44,44
23,23
58,58
39,39
29,29
40,40
46,46
92,87
5,5
22,22
35,35
81,81
55,55
90,90
55,55
38,38
94,94
71,71
32,32
12,12
10,10
50,4
28,28
32,32
80,80
68,68
78,78
11,11
11,11
2,2
93,93
90,90
80,80
88,88
53,53
78,78
56,56
8,8
78,78
57,57
54,54
68,68
75,75
82,82
63,63
15,15
59,59
46,46
29,29
81,81
90,90
89,89
22,22
83,83
68,68
45,45
59,59
82,82
29,29
26,26
17,17
37,37
55,55
33,33
86,86
72,72
57,57
32,32
63,63
51,51
6,6
59,59
31,31
94,94
68,68
59,59
23,23
42,42
76,76
0,0
58,58
46,46
63,63
14,14
63,63
39,39
23,23
72,72
6,6
48,48
89,89
32,32
2,2
45,45
40,40
36,36
11,11
55,55
89,89
8,8
38,38
21,21
23,23
31,31
23,23
89,89
52,52
26,26
54,54
2,2
44,44
32,32
42,42
25,25
5,5
1,1
40,40
11,11
47,47
12,12
82,82
90,90
75,75
60,60
79,79
68,68
9,9
79,79
0,0
67,67
22,22
52,52
61,61
86,86
53,53
54,54
60,60
6,6
53,53
19,19
78,78
41,41
25,25
43,43
15,15
32,32
90,90
4,4
1,1
50,50
14,14
91,91
1,1
9,9
86,86
32,32
16,5
7,7
38,38
90,90
49,49
44,44
4,4
40,40
58,58
73,73
53,53
9,9
77,77
84,84
20,20
83,83
3,3
84,84
16,16
42,42
58,58
92,92
71,71
18,18
62,62
76,76
54,54
92,92
12,12
22,22
41,41
13,13
39,39
10,10
53,53
49,49
22,22
5,5
74,74
15,15
68,68
19,19
93,93
54,54
12,12
32,32
4,4
70,70
83,83
77,77
87,87
72,72
78,78
64,64
17,17
10,10
94,94
13,13
67,67
58,58
2,2
66,66
26,26
2,2
44,44
81,81
63,63
64,64
35,35
93,93
57,57
41,41
10,10
30,30
43,43
25,25
88,88
24,35
66,66
67,67
6,6
70,70
73,73
21,21
88,88
90,90
8,8
52,52
46,46
4,4
88,88
2,2
55,55
47,47
6,6
39,39
38,38
36,36
40,40
91,91
51,51
0,0
2,2
78,78
24,24
42,42
53,32
46,46
74,74
60,60
71,71
81,81
51,51
53,53
2,2
49,49
17,17
30,30
48,48
55,55
77,77
59,59
74,74
44,44
75,75
69,69
34,34
26,26
8,8
38,38
45,45
90,90
56,56
16,16
30,30
41,41
86,86
81,81
50,50
88,88
25,25
56,56
69,69
53,53
81,81
70,70
42,42
21,21
92,92
63,63
86,86
40,40
1,1
76,76
74,74
38,38
2,2
35,35
48,48
49,49
48,48
34,34
26,26
50,50
67,67
57,57
82,82
20,20
35,35
26,26
72,72
4,4
35,35
93,93
15,15
47,47
6,6
81,81
93,93
19,19
74,74
57,57
8,8
91,91
12,12
71,71
40,40
88,88
19,19
31,31
27,27
84,84
16,16
50,50
33,33
15,15
41,41
0,0
49,49
35,35
15,15
10,10
77,77
9,9
62,62
29,29
65,65
13,13
49,49
59,59
58,58
81,81
44,44
68,68
6,6
65,65
55,55
94,94
92,92
28,28
78,78
38,38
38,38
81,81
7,7
13,13
82,82
17,17
1,1
22,22
12,12
64,64
47,47
70,70
62,62
57,57
75,75
5,5
41,41
66,66
54,54
38,38
12,12
81,81
37,37
32,32
92,92
27,27
83,83
63,63
90,90
43,43
41,41
50,50
76,76
25,25
45,45
70,70
6,6
87,87
12,12
82,82
61,61
46,46
84,84
87,53
6,6
37,37
49,49
15,15
19,19
69,69
85,85
84,84
9,9
72,72
37,37
89,89
83,83
87,87
88,88
78,78
53,53
19,19
54,54
69,69
71,71
71,71
10,10
8,8
8,8
65,65
59,59
13,13
69,69
0,0
47,47
47,47
6,6
19,19
52,52
14,14
66,66
19,19
50,50
80,80
76,76
7,7
10,10
66,66
1,1
69,69
50,50
51,51
46,46
23,23
67,67
42,42
5,5
37,37
46,46
11,11
62,62
53,53
75,75
19,19
48,48
61,61
12,12
1,9
82,82
2,2
77,77
52,52
58,58
32,32
1,1
6,6
69,69
44,44
17,17
61,61
92,92
34,34
7,7
28,28
40,40
55,55
91,91
86,86
21,21
87,87
70,70
94,94
3,3
89,89
42,42
68,68
34,34
77,77
68,68
31,31
63,63
6,6
94,94
84,84
3,3
92,92
37,37
23,23
12,12
47,47
61,61
39,39
24,24
12,12
9,9
31,31
51,51
79,79
29,29
52,52
87,87
24,24
76,76
58,58
61,61
11,11
32,32
49,49
25,25
18,18
72,72
76,76
41,41
82,82
36,36
32,32
44,44
70,70
49,49
72,72
10,10
51,51
81,81
47,47
27,27
15,15
39,39
9,9
10,10
28,28
87,87
42,42
4,4
9,9
41,41
17,17
52,52
41,34
87,87
80,80
20,20
23,23
71,71
70,70
94,94
6,6
80,80
79,79
30,30
60,60
43,43
28,28
45,45
74,74
48,48
85,85
10,10
85,85
20,20
61,61
93,93
29,29
75,75
88,88
63,63
91,91
36,36
54,54
23,23
82,82
10,10
29,29
59,59
9,9
52,52
47,47
40,40
87,87
29,29
8,8
6,6
53,53
42,42
82,82
3,3
67,67
6,6
44,44
37,37
42,42
59,59
12,12
11,11
24,24
40,40
19,19
66,66
55,55
83,83
79,79
85,85
94,94
22,22
48,48
4,4
41,41
11,11
56,56
18,18
70,70
66,66
4,4
72,72
42,42
20,20
79,79
92,92
19,18
71,71
89,89
81,81
76,76
4,4
10,10
40,40
24,24
78,78
58,58
3,3
92,92
10,10
17,17
86,86
89,89
25,25
21,21
77,77
45,45
18,18
15,15
83,83
4,4
11,11
27,27
52,52
51,51
63,63
46,46
26,26
4,4
4,4
8,8
37,37
1,1
32,32
60,60
5,5
15,15
94,94
39,39
63,63
52,52
52,52
50,50
20,20
23,23
89,89
21,21
3,3
78,78
20,20
85,85
84,84
51,51
94,94
31,31
55,55
86,86
68,68
44,44
34,34
28,28
22,22
72,72
90,90
84,84
8,8
36,36
93,93
27,27
44,44
8,8
44,44
19,19
27,27
2,2
82,82
8,8
86,86
67,67
69,69
6,6
6,6
76,76
84,84
49,49
22,22
80,80
33,33
41,41
1,1
61,61
19,19
12,12
5,5
57,57
69,69
38,38
39,39
29,29
3,3
42,42
0,0
79,79
71,71
25,25
39,39
81,81
48,48
41,41
74,74
18,18
65,65
48,48
3,3
85,85
52,52
26,26
39,39
84,84
57,57
53,53
18,18
70,70
82,82
88,88
60,60
78,78
92,92
92,92
47,47
24,24
41,41
82,82
71,71
3,3
32,32
0,0
22,22
94,94
46,46
0,0
33,33
17,17
26,26
28,28
85,85
50,50
49,49
0,0
86,86
88,88
57,57
8,8
29,29
34,34
27,27
44,44
15,15
36,36
83,83
81,81
11,11
71,71
37,37
40,40
1,1
63,63
27,27
62,53
28,28
79,79
88,88
77,77
25,25
83,83
12,12
16,16
61,61
31,31
58,58
88,88
53,53
57,57
70,70
25,25
49,49
60,60
11,11
21,21
1,1
80,80
27,27
23,23
94,94
17,17
43,43
2,2
26,26
84,84
21,21
27,27
86,86
68,68
1,1
55,55
61,61
75,75
91,91
53,53
66,66
26,26
50,50
85,85
92,92
14,14
68,68
23,23
62,62
85,85
94,94
36,36
25,25
3,3
49,49
22,22
93,93
17,17
49,49
34,34
88,88
37,37
10,10
10,10
4,4
79,79
73,73
22,22
23,23
68,68
44,44
56,56
7,7
2,2
33,33
79,79
75,75
43,43
37,37
54,54
54,54
18,18
18,18
69,69
54,54
80,80
74,74
70,70
26,26
4,4
65,65
7,7
60,60
33,33
67,67
16,16
73,73
46,46
57,57
87,87
80,6
72,72
86,86
64,64
16,16
54,54
45,45
39,39
52,52
64,64
17,17
27,27
45,45
82,82
49,49
9,9
47,47
48,48
36,76
38,38
66,66
4,4
40,40
89,89
16,16
32,32
26,26
79,79
68,68
62,62
52,52
35,35
4,4
62,62
50,50
11,11
84,84
50,50
83,53
24,24
11,11
90,90
31,31
20,20
71,71
90,90
73,73
24,24
54,54
39,39
76,76
87,87
27,27
32,32
4,4
41,41
24,24
39,39
37,37
58,58
91,91
80,80
79,79
29,29
13,13
79,79
3,3
30,30
56,56
40,40
24,24
16,16
39,39
70,70
46,46
46,46
69,69
22,22
39,39
5,5
46,46
36,36
71,71
16,16
26,26
19,19
89,89
3,3
38,38
62,62
0,0
24,24
70,70
91,91
83,83
87,87
8,8
56,56
87,87
57,57
5,5
71,71
52,52
55,55
47,47
67,67
73,73
88,88
30,30
69,69
7,7
68,68
32,32
80,80
35,35
85,85
5,5
94,94
51,76
77,77
41,41
16,16
52,52
2,2
57,57
2,2
1,1
33,33
61,61
93,93
65,65
77,77
93,93
69,69
80,80
69,69
29,29
75,75
91,91
80,80
4,4
92,92
49,49
40,40
58,58
86,86
22,22
55,55
78,78
39,39
86,86
89,89
92,92
59,59
15,15
3,3
3,3
17,17
79,79
31,31
32,32
43,43
42,42
58,58
64,64
57,57
40,40
48,48
71,71
44,44
60,13
23,23
64,64
42,42
66,66
33,33
84,84
79,79
34,35
78,78
33,33
25,25
35,35
66,66
38,38
31,31
61,61
49,49
49,49
23,23
34,34
88,88
23,23
9,9
66,66
26,26
88,88
52,52
85,85
66,66
50,50
49,49
31,31
26,26
76,76
1,1
57,57
39,39
27,27
17,17
7,7
72,72
47,47
74,74
13,13
51,51
8,8
8,8
58,58
41,41
79,79
14,14
29,29
87,87
41,41
11,11
90,90
64,64
47,47
32,32
51,51
91,91
13,13
81,81
45,45
84,84
62,62
76,76
31,31
53,53
29,29
50,50
92,92
31,31
77,77
60,60
81,81
65,65
21,21
12,12
76,76
80,80
65,65
51,51
94,94
65,65
68,68
26,26
91,91
43,43
65,65
13,13
33,33
5,5
3,3
10,10
82,82
33,33
10,10
58,58
65,65
35,35
62,62
32,32
80,80
88,88
26,26
39,39
85,85
51,51
35,35
30,30
92,92
22,22
4,4
22,22
16,16
7,7
66,66
38,38
35,35
21,21
93,93
94,94
33,33
18,18
23,23
25,25
63,63
91,91
44,44
75,75
28,28
69,69
59,59
74,74
45,45
92,92
28,28
72,72
29,29
77,77
31,31
40,40
74,74
25,25
37,37
83,83
57,57
64,64
49,49
20,20
24,24
13,13
32,32
15,15
14,14
23,23
52,52
61,61
12,12
72,72
83,83
93,93
47,47
93,93
52,52
21,21
55,55
10,10
58,58
44,44
18,18
92,92
43,43
30,30
75,75
56,56
68,68
44,44
24,24
2,2
66,66
89,89
45,45
87,87
12,12
90,90
58,58
3,3
73,73
29,29
78,78
53,53
12,12
87,87
52,52
39,35
56,56
70,70
51,51
17,17
82,82
64,64
43,43
65,65
66,66
47,47
80,80
88,88
51,51
44,44
90,90
70,70
58,58
57,57
75,75
15,15
72,72
2,2
92,92
87,87
64,64
71,71
67,67
91,91
61,61
74,74
94,94
51,51
86,86
65,65
4,4
14,14
91,91
86,86
87,87
91,91
34,34
55,55
65,65
78,78
28,28
9,9
57,57
10,10
6,6
39,39
70,53
80,80
59,59
68,68
81,81
58,58
32,32
77,77
20,20
67,67
16,16
1,1
51,51
30,30
17,17
88,88
44,44
92,92
72,53
75,75
0,0
47,47
40,40
71,71
68,68
94,94
5,5
5,5
66,66
23,23
91,91
64,64
63,63
1,1
33,33
46,46
16,16
25,25
27,27
45,45
41,41
52,52
73,73
90,90
41,41
25,25
62,62
51,51
47,47
91,91
57,57
82,82
39,39
68,68
61,61
54,54
84,84
34,34
7,7
44,44
23,23
35,35
10,10
17,17
13,13
9,9
43,43
17,17
36,36
61,61
1,1
24,24
18,18
43,43
13,13
21,21
94,94
78,78
59,59
71,71
41,41
70,70
92,92
59,59
69,69
31,31
47,47
93,93
58,58
22,22
93,93
64,64
87,87
81,81
40,40
61,61
10,10
16,16
89,89
17,17
17,17
38,38
20,20
56,56
10,10
68,68
2,2
51,51
0,0
47,47
73,73
69,69
89,89
25,25
41,41
52,52
22,22
43,43
25,25
5,5
29,29
89,89
53,53
16,16
61,61
75,75
60,60
66,66
40,40
10,10
8,8
0,0
80,80
75,75
37,4
51,51
75,75
54,54
78,78
73,73
74,74
21,21
46,46
0,0
62,62
15,15
12,12
52,52
33,33
14,14
7,7
69,69
2,2
41,41
23,23
77,77
32,32
33,33
20,20
15,15
23,23
49,49
81,81
76,76
80,80
22,22
50,50
63,63
94,94
30,30
64,64
82,82
31,31
4,4
47,47
15,15
49,49
40,40
42,42
81,81
82,82
38,38
28,28
18,18
44,44
24,24
3,3
24,24
45,45
16,16
80,80
51,51
55,55
37,37
8,8
86,86
53,53
43,43
66,66
36,36
27,27
29,29
61,61
42,42
74,74
14,14
28,28
81,81
7,7
87,87
67,67
31,31
61,61
35,35
23,23
2,2
56,56
70,70
29,29
14,14
53,53
14,14
76,76
7,7
48,48
61,61
55,55
4,4
87,87
71,71
17,17
73,73
25,25
23,23
48,48
13,13
23,23
69,69
59,59
62,62
39,39
51,51
43,43
83,83
5,5
89,89
5,5
49,49
21,21
46,46
71,71
43,43
36,36
69,69
30,30
25,25
11,11
86,86
31,31
64,64
18,18
67,67
5,5
77,77
40,40
80,80
23,23
75,75
57,57
4,4
66,66
38,38
52,52
85,85
52,52
37,37
24,24
45,45
32,32
13,13
82,82
27,27
11,11
17,17
68,68
66,66
86,86
47,47
55,55
63,63
93,93
58,58
86,86
16,16
85,85
68,68
53,53
3,3
76,76
11,11
13,13
68,68
40,40
42,42
63,63
31,31
29,29
13,13
59,59
48,48
80,80
41,41
22,22
11,11
72,6
15,15
90,90
66,66
60,60
68,68
81,81
90,90
33,33
93,93
58,58
20,20
53,53
39,39
11,11
15,15
45,45
45,45
79,79
49,49
48,48
85,85
25,25
13,13
52,52
72,72
6,6
13,13
9,9
22,22
14,14
92,92
67,67
17,17
39,39
29,29
38,38
73,73
79,79
45,45
66,66
41,41
46,46
82,82
77,77
35,35
7,7
23,23
2,2
57,57
26,26
67,67
77,77
41,41
44,44
9,9
20,20
28,28
63,63
89,89
83,83
10,10
15,15
57,57
88,88
12,12
55,55
22,22
22,22
22,22
10,10
65,65
76,76
0,0
80,80
37,37
62,62
69,69
78,78
31,31
19,19
17,17
0,0
44,44
5,5
27,27
57,57
56,62
50,50
44,44
65,65
86,86
12,12
13,13
0,0
72,72
48,48
30,30
92,92
8,8
46,46
65,65
75,75
86,86
35,35
78,35
75,75
76,76
50,50
86,86
93,93
26,26
43,43
15,15
41,41
21,21
52,52
45,45
62,62
18,18
24,24
43,43
71,71
18,18
31,31
29,29
51,51
88,88
7,7
15,15
19,19
44,44
43,43
6,6
44,44
39,39
89,89
30,30
4,4
2,2
89,89
4,4
4,4
39,39
71,71
0,0
80,80
79,79
40,40
48,48
16,16
84,84
41,41
56,56
37,37
4,4
55,55
37,37
69,69
52,52
82,82
71,71
33,33
83,83
40,40
79,79
57,57
72,72
56,56
55,55
74,74
93,93
9,9
74,74
22,22
37,37
32,32
60,60
34,34
66,66
71,71
46,46
90,90
85,85
12,12
49,49
57,57
15,15
11,11
23,23
15,15
91,91
53,53
16,16
20,20
20,20
90,90
57,57
90,90
93,93
13,13
57,57
61,61
51,51
67,67
45,45
11,11
84,84
77,77
64,64
47,47
10,10
35,35
45,45
47,47
88,88
20,20
80,80
90,90
46,46
65,65
51,51
19,19
0,0
14,14
88,88
77,77
56,56
20,20
33,33
39,39
35,35
68,68
89,89
2,2
80,80
79,79
10,10
51,51
10,10
44,44
5,5
44,44
28,28
55,55
24,24
87,87
49,49
57,57
45,45
2,2
66,66
23,23
60,60
35,35
8,8
75,75
62,62
12,12
15,15
74,74
51,51
39,39
15,15
32,32
21,21
81,81
45,45
78,78
69,69
43,43
65,65
90,90
89,89
58,58
64,64
64,64
37,37
26,26
26,26
16,16
37,37
48,48
25,25
25,25
24,24
87,87
16,16
35,35
8,8
30,30
79,79
74,74
35,35
43,43
71,71
9,9
70,70
66,66
26,26
65,65
16,16
40,40
9,9
87,87
34,34
9,9
64,64
25,25
18,18
5,5
45,45
48,48
62,53
13,13
7,7
92,92
81,81
63,63
13,13
53,53
1,1
67,67
60,60
74,74
35,35
70,70
16,16
26,26
26,26
18,18
49,49
93,93
7,7
61,61
78,78
75,75
68,68
87,87
7,7
11,11
31,31
24,24
77,58
76,76
63,63
31,31
71,53
50,50
57,57
26,26
10,10
4,4
21,21
84,84
72,72
30,30
59,59
84,84
66,66
5,5
89,89
33,33
13,13
61,61
91,91
47,47
85,85
39,39
86,86
54,54
16,16
27,27
66,66
62,62
75,75
43,43
77,77
69,69
9,9
75,75
10,10
16,16
74,74
1,1
62,62
32,32
37,37
6,6
67,67
15,15
6,6
58,58
19,19
85,85
52,52
2,2
71,71
43,43
76,76
16,16
27,27
51,51
51,51
82,82
77,77
50,50
10,10
49,49
88,88
31,31
43,43
46,46
65,65
71,71
66,66
29,29
88,88
0,0
44,44
42,42
16,16
83,53
32,32
59,59
20,20
24,24
50,50
54,54
56,56
9,9
6,6
66,66
67,67
9,9
54,54
20,20
76,76
90,90
18,18
70,70
12,12
60,60
31,31
60,60
82,82
81,81
69,69
62,62
59,59
80,80
56,56
75,75
14,14
36,36
28,28
45,45
17,17
64,64
88,88
51,51
60,60
67,67
32,32
39,39
4,4
28,28
76,76
11,11
94,94
74,74
24,24
50,50
9,9
56,56
88,88
78,78
16,16
79,79
21,21
75,75
30,30
4,4
11,11
73,73
54,54
10,10
34,34
89,53
68,68
54,54
93,93
85,85
90,90
4,4
65,65
47,47
16,16
23,23
3,3
91,91
5,5
85,85
47,47
93,93
6,6
81,81
58,5
85,85
65,65
51,51
35,35
63,63
77,77
34,34
34,34
59,59
0,0
89,89
39,39
64,64
20,20
93,93
48,48
24,24
52,52
57,57
79,79
85,85
76,76
67,67
22,22
71,71
90,90
40,40
88,88
83,83
6,6
34,34
27,27
1,1
29,29
88,88
92,92
84,84
43,43
62,62
70,70
29,29
8,8
45,45
80,80
8,8
19,19
36,36
52,52
6,6
54,54
45,45
4,4
86,86
23,23
12,12
4,4
93,93
49,49
62,62
90,90
21,21
11,11
64,64
1,1
30,30
42,42
85,85
36,36
76,76
68,68
2,2
49,49
85,85
1,1
77,77
22,22
78,78
32,32
91,91
80,80
23,23
57,57
38,38
45,45
58,58
49,49
6,6
14,14
13,13
17,17
21,21
32,32
33,33
77,77
23,23
17,17
25,25
24,24
64,64
31,31
0,0
6,6
57,57
93,93
77,77
69,69
73,73
71,71
86,86
86,86
42,42
73,73
65,65
2,2
4,4
63,63
43,43
11,11
81,81
6,6
20,20
92,92
54,54
83,83
56,56
36,36
26,26
75,75
39,39
83,83
38,38
54,54
14,14
6,6
15,15
89,89
74,74
76,76
62,62
69,69
89,89
80,80
50,50
17,17
77,77
51,51
20,20
71,71
88,88
12,12
52,52
32,32
12,12
63,63
16,16
73,73
68,68
0,0
87,87
7,7
62,62
80,80
81,81
21,21
37,37
16,16
64,64
57,57
62,62
89,89
82,82
80,80
28,28
68,68
19,19
47,47
61,61
31,31
21,21
4,4
46,46
76,76
81,81
19,19
18,18
68,68
69,69
68,68
4,4
89,89
75,75
24,24
33,33
5,5
94,94
12,12
78,78
93,93
37,37
57,57
79,79
33,33
89,89
81,81
21,21
63,63
90,90
71,71
0,0
9,9
36,36
12,12
32,32
74,74
44,44
34,34
2,2
14,14
76,76
19,19
23,23
50,50
19,19
80,80
29,29
86,86
30,30
86,86
34,34
60,60
81,81
85,85
11,11
67,67
92,92
85,85
66,66
38,38
35,35
41,41
81,81
17,17
7,7
41,41
53,53
82,82
6,6
24,24
55,55
84,84
63,63
48,48
78,78
76,76
64,64
87,87
77,77
11,11
55,55
46,46
53,53
0,0
17,17
33,33
0,0
75,75
41,41
64,64
58,58
39,39
58,58
67,67
83,83
24,30
77,77
60,60
37,37
91,91
34,34
12,12
56,56
26,26
50,50
66,66
60,60
54,54
72,72
80,80
81,81
90,90
72,72
49,49
51,51
86,86
69,69
48,48
29,29
81,81
94,94
74,74
54,54
35,35
22,22
93,93
64,64
38,38
91,91
34,34
83,83
29,29
19,19
74,74
34,34
74,74
82,82
8,8
27,27
46,46
36,36
27,27
88,88
28,28
50,50
37,37
87,87
84,84
47,47
4,4
43,43
10,10
7,7
37,37
47,47
37,37
80,80
45,45
9,9
83,83
27,27
38,38
93,93
17,17
54,54
28,28
25,25
92,92
59,59
36,36
88,88
12,12
38,38
62,62
1,1
67,67
54,54
34,34
21,21
17,17
87,87
55,55
30,30
94,94
42,42
48,48
0,0
71,71
8,8
82,82
86,86
24,24
63,63
3,3
53,53
8,8
19,19
73,73
9,9
4,4
91,91
49,49
78,78
89,89
20,20
7,7
11,11
79,79
50,50
73,73
11,11
58,58
71,71
55,55
73,73
34,34
76,76
40,40
68,68
5,5
16,16
66,66
17,17
6,6
24,24
64,64
7,7
3,3
30,30
27,27
8,8
17,17
45,45
60,60
33,33
8,8
73,73
33,33
34,34
21,21
56,56
21,21
90,90
67,67
41,41
0,0
31,31
84,84
77,77
52,52
89,89
79,79
28,28
83,83
59,59
70,70
54,54
58,58
44,44
15,15
76,76
48,48
18,18
19,19
0,0
42,42
1,1
27,27
89,89
75,75
59,59
83,83
10,10
34,34
27,27
5,5
66,66
70,70
59,59
62,62
92,92
94,94
44,44
59,59
38,38
24,24
17,17
32,32
17,17
61,61
36,36
28,28
59,59
31,31
63,63
28,28
92,92
52,52
40,40
39,39
17,17
62,62
56,56
79,79
0,0
85,85
64,64
36,36
22,22
67,67
14,14
70,70
42,42
21,21
77,77
80,80
87,87
57,57
26,26
70,70
82,82
59,59
72,72
76,76
92,92
41,41
15,15
42,42
34,34
53,53
28,28
21,21
86,86
52,52
1,1
17,17
43,43
50,50
25,25
16,16
47,47
33,33
4,4
88,88
17,17
20,20
93,93
32,32
6,6
65,65
89,89
70,70
88,88
88,88
53,53
81,81
0,0
24,24
23,23
85,85
21,21
22,22
79,79
10,10
92,92
80,80
56,56
80,80
23,23
78,78
79,79
57,57
72,72
13,13
9,9
15,15
19,19
58,62
55,55
70,70
42,42
23,23
91,91
29,29
92,92
23,23
75,75
27,27
83,83
77,77
65,65
1,1
70,70
9,9
93,93
86,86
19,19
52,52
37,37
31,31
49,49
88,88
1,1
65,65
40,40
8,8
45,45
82,82
49,49
64,64
11,11
87,87
66,66
92,92
61,61
27,27
51,51
63,63
20,20
14,14
21,21
30,30
90,90
1,1
68,68
81,81
24,24
5,5
29,29
33,33
9,9
70,70
52,52
54,54
16,16
12,12
52,52
58,58
39,39
59,59
44,44
21,21
42,42
76,76
83,83
43,43
41,41
94,94
54,54
45,45
43,43
13,13
5,5
37,37
54,54
83,83
82,82
47,47
24,24
41,41
73,73
75,75
86,86
46,46
26,26
60,60
13,13
43,43
35,53
90,90
93,93
45,45
93,93
21,21
34,34
68,68
16,16
2,2
75,75
68,68
75,75
30,30
14,14
90,90
73,73
49,49
75,75
48,48
66,66
93,93
25,25
12,12
62,62
85,85
25,25
0,0
84,84
63,63
47,47
26,26
40,40
28,28
70,70
7,7
9,9
42,42
58,58
17,17
30,30
15,15
11,11
13,13
83,83
50,50
79,79
31,31
11,11
78,78
58,58
47,47
61,61
86,86
38,38
21,21
77,77
16,16
49,49
50,50
2,2
56,56
71,71
43,43
90,90
40,40
87,87
20,20
37,37
83,83
12,12
92,92
62,62
50,50
44,44
74,74
84,84
65,65
91,91
26,26
79,79
33,33
83,83
71,71
43,43
29,29
52,52
20,20
7,7
3,3
24,24
35,35
94,94
61,61
13,13
69,69
16,16
72,72
2,2
23,23
19,19
1,1
66,66
37,37
28,28
0,0
59,59
40,40
24,24
29,29
68,68
65,65
6,6
18,18
38,38
55,55
50,50
44,44
89,89
22,22
52,52
41,41
0,0
63,63
30,30
91,91
15,15
10,10
77,77
48,48
50,50
58,58
5,5
44,44
83,83
16,16
81,81
0,0
61,61
40,40
86,86
45,45
39,39
4,4
9,9
0,0
13,13
26,26
19,19
25,25
5,5
58,58
34,34
72,72
47,47
91,91
63,63
23,23
6,6
90,90
7,7
82,82
5,5
91,91
83,83
23,23
4,4
60,60
74,74
24,24
85,85
83,83
20,20
14,14
12,12
28,28
34,34
7,7
82,82
70,70
68,68
12,12
2,2
84,84
6,6
53,53
71,71
94,94
85,85
23,23
14,14
51,51
60,60
78,78
22,22
3,3
76,76
0,0
1,1
51,51
81,81
48,48
70,70
76,76
17,17
31,31
55,55
9,9
9,9
6,6
89,89
64,64
11,11
67,67
70,70
64,64
30,30
11,11
36,36
84,84
40,40
86,86
33,33
89,89
66,66
68,68
49,49
46,46
51,51
9,9
45,45
54,54
52,52
20,20
93,93
55,55
11,11
9,9
56,56
56,56
64,53
44,44
70,70
40,40
10,10
94,94
0,0
79,79
80,80
35,35
16,16
28,28
25,25
68,68
27,27
13,13
45,45
68,68
85,85
2,2
53,53
4,4
81,81
10,10
66,66
37,37
75,75
4,4
59,59
37,37
4,4
60,60
89,89
11,11
62,53
48,48
39,39
37,37
39,39
39,39
88,88
38,38
23,23
38,38
65,65
4,4
90,90
23,23
64,64
44,44
78,78
69,69
55,55
2,2
1,1
52,52
23,23
24,24
55,55
20,20
74,74
49,80
59,59
69,69
59,59
27,27
47,47
81,81
16,16
11,11
24,24
39,82
8,8
78,78
15,15
21,21
81,81
75,75
9,9
69,69
94,94
56,56
4,4
19,19
13,13
75,75
74,74
40,40
81,81
40,40
18,18
20,20
57,57
30,30
71,71
0,0
14,14
16,16
24,24
71,71
28,28
49,49
25,25
91,91
38,38
2,2
31,31
43,43
75,75
54,54
52,52
60,60
13,13
42,42
59,59
41,41
26,26
51,51
31,31
48,48
60,60
82,82
25,25
48,48
11,11
2,2
59,59
38,38
57,57
70,70
36,36
85,85
55,55
48,48
78,78
8,8
72,72
80,80
76,76
32,32
47,47
91,91
13,13
81,81
50,50
86,86
15,15
82,82
1,1
5,5
10,10
9,9
48,48
72,72
59,59
44,44
70,70
69,69
9,9
82,82
68,68
65,65
44,44
8,8
93,93
82,82
66,66
74,74
88,88
58,58
28,28
89,89
88,88
79,79
0,0
91,91
66,66
14,14
3,3
79,79
74,74
73,73
19,19
49,49
57,57
37,37
88,88
86,86
88,88
78,78
58,58
38,38
93,93
38,38
91,91
61,61
79,79
13,13
34,34
51,51
8,8
67,67
86,86
27,27
60,60
28,28
13,13
29,29
37,37
52,52
85,85
66,66
50,50
64,64
89,89
51,51
28,28
1,1
69,69
35,35
10,10
36,36
86,86
13,13
68,68
50,50
74,74
49,49
67,67
1,1
9,9
34,34
70,70
67,67
87,87
43,43
78,78
32,32
36,36
61,61
10,10
13,13
66,66
67,67
72,72
81,81
40,40
39,39
5,5
44,44
63,63
20,20
46,46
48,48
87,87
79,79
43,43
87,87
14,14
48,48
77,77
36,36
18,18
70,70
79,79
38,38
27,27
30,30
50,50
58,58
75,75
7,7
52,52
81,81
5,5
64,64
17,17
27,27
66,66
44,44
62,62
86,86
89,89
17,17
67,67
94,94
42,42
75,75
8,8
34,34
70,70
74,74
91,91
45,45
10,10
64,64
45,45
51,51
64,64
77,77
78,78
30,30
5,5
2,2
12,12
73,73
48,48
40,40
89,89
3,3
22,22
57,57
18,18
93,93
65,65
48,48
56,56
20,20
11,11
81,81
17,17
94,94
37,37
1,1
16,16
59,59
85,85
74,74
46,46
92,92
16,16
72,72
80,80
46,46
89,89
59,59
88,88
29,29
33,33
37,37
75,75
70,70
69,69
19,19
28,28
75,75
85,85
57,57
5,5
68,68
82,82
40,40
73,73
7,7
70,70
46,46
81,81
36,36
48,48
26,26
55,55
84,84
38,38
66,66
3,3
35,35
27,27
87,87
48,48
37,37
41,41
83,83
63,63
25,25
86,86
48,48
62,62
93,93
39,39
39,39
40,40
13,13
86,86
63,63
29,29
58,58
31,31
34,34
61,61
46,46
14,14
57,57
7,7
24,24
74,74
50,50
28,28
88,88
82,82
74,74
10,10
78,78
62,62
46,46
7,7
8,8
33,33
33,33
51,51
68,68
62,62
4,4
73,73
27,27
13,13
25,25
65,65
61,61
11,11
63,63
68,68
34,34
81,81
31,31
73,73
14,14
72,72
40,40
55,55
10,10
42,42
41,41
16,16
83,83
35,35
23,23
47,47
11,11
66,66
90,90
74,74
18,18
33,33
86,86
52,52
21,21
23,23
59,59
14,14
42,42
3,3
91,91
54,54
56,56
17,17
45,45
0,0
7,7
47,47
46,46
17,17
49,49
81,81
18,18
73,73
88,88
48,48
27,27
72,72
67,67
17,17
6,6
84,84
76,76
60,60
27,27
29,29
87,87
63,63
40,40
94,94
58,58
88,88
0,0
30,30
9,9
26,26
37,37
93,93
65,65
74,74
58,58
82,82
7,7
64,64
34,34
75,75
18,18
2,2
67,67
57,57
43,43
14,14
61,61
79,79
62,62
33,33
41,41
65,65
38,38
15,15
38,38
19,19
39,39
6,6
42,42
56,56
93,93
91,91
55,55
71,71
88,88
7,7
77,77
68,68
38,38
28,28
15,15
21,21
44,44
1,1
46,46
66,66
84,84
77,77
7,7
26,26
77,77
3,3
22,22
38,38
55,55
49,49
17,17
49,49
25,25
66,66
85,85
88,88
26,26
56,56
84,84
56,56
24,24
16,16
7,7
61,61
51,51
42,42
26,26
28,28
16,16
79,79
88,88
86,86
33,33
45,45
11,11
15,15
44,44
74,74
16,16
38,38
78,78
14,14
28,28
81,81
84,84
53,53
92,92
91,91
74,74
59,59
27,27
66,66
31,31
36,36
28,28
15,15
32,32
60,60
15,15
45,45
91,91
18,18
5,5
27,27
90,90
74,74
70,70
11,11
40,40
20,20
51,51
10,10
18,18
3,3
58,58
93,93
1,17
3,3
64,64
81,81
38,38
48,48
26,26
43,43
34,34
72,72
29,29
4,4
8,8
35,35
70,70
36,36
24,24
26,26
61,61
65,65
5,5
62,62
66,66
94,94
50,50
50,50
45,45
74,74
69,69
73,73
89,89
10,10
10,10
47,47
50,50
80,80
47,47
55,55
30,30
93,93
69,69
36,36
37,37
50,50
68,68
7,7
69,69
76,76
10,10
30,30
79,79
32,32
33,33
45,45
73,73
87,87
75,75
58,58
22,22
11,11
54,54
11,11
54,54
4,4
31,31
58,58
53,53
29,29
13,13
68,68
21,21
19,19
3,3
50,50
6,6
42,42
83,83
11,11
28,28
81,81
21,21
79,79
43,43
39,39
16,16
46,46
2,2
90,90
56,56
44,44
40,40
83,83
80,80
2,2
60,60
52,52
11,11
9,9
84,84
35,35
81,53
8,8
41,41
76,76
53,53
70,70
84,84
69,69
32,32
70,70
64,64
89,89
75,75
58,58
5,5
70,70
65,65
9,9
44,44
43,43
75,75
27,27
30,30
46,46
80,80
73,73
91,91
38,38
62,62
44,44
12,12
56,56
28,28
45,45
26,26
71,71
55,55
8,8
80,80
53,53
2,2
54,54
27,27
13,13
46,46
33,33
80,80
19,19
43,43
43,43
84,84
57,57
80,80
14,14
24,24
9,9
5,5
13,13
28,28
93,93
5,5
17,17
59,59
88,88
57,57
30,30
33,33
84,84
86,86
6,6
85,85
16,16
42,42
16,16
66,66
82,82
49,49
31,31
85,85
31,31
69,69
19,19
51,51
75,75
38,38
13,13
74,74
57,57
48,48
0,0
93,93
9,9
62,62
12,12
74,74
60,60
53,53
77,77
37,37
16,16
63,63
12,12
25,25
6,6
83,83
55,55
91,91
21,21
41,41
50,50
64,64
29,29
62,62
18,18
19,19
92,92
47,47
57,57
55,55
23,23
37,37
56,56
29,29
77,77
71,71
36,36
42,42
11,11
59,87
71,71
87,87
30,30
89,89
90,90
1,1
82,82
61,61
78,78
27,27
70,70
90,90
44,44
58,58
21,21
36,36
24,24
51,51
0,0
61,61
20,20
22,22
72,72
43,43
68,68
62,62
60,60
1,1
51,51
19,19
33,33
91,91
52,52
45,45
46,46
60,60
17,17
5,5
35,35
1,1
8,8
35,35
36,36
75,75
33,33
84,84
94,94
14,14
19,19
65,65
28,28
49,49
89,89
7,7
3,3
71,71
8,8
31,31
15,15
67,67
6,6
88,88
55,55
41,41
73,73
72,72
12,12
14,14
55,55
46,46
15,15
34,34
3,3
91,91
25,25
34,34
82,82
1,1
30,30
7,7
69,69
36,36
40,40
93,93
7,7
60,60
84,84
33,33
77,77
11,11
72,72
66,66
70,70
31,31
48,48
86,86
65,65
46,46
2,2
23,23
21,21
56,56
16,16
4,4
86,86
68,68
79,79
56,56
93,93
94,94
14,14
74,74
57,57
54,54
27,27
26,26
22,22
32,32
84,84
30,30
65,65
51,51
14,14
56,56
92,92
83,83
71,71
87,87
58,58
27,27
93,93
80,80
18,18
57,57
25,25
72,72
11,11
17,17
56,56
2,2
57,57
79,79
0,0
60,60
53,53
49,49
67,67
72,72
72,72
30,30
70,70
36,36
9,9
44,44
91,91
55,55
88,88
62,62
65,65
47,47
74,74
58,58
6,6
94,94
9,9
62,62
78,78
27,27
76,76
23,23
65,65
14,14
23,23
1,1
34,34
38,38
80,80
3,3
53,53
60,60
63,63
2,2
59,59
75,75
87,87
83,83
14,14
57,57
56,56
22,22
86,86
35,35
66,66
20,20
58,58
25,25
85,85
24,24
12,12
78,78
93,93
26,26
88,88
8,8
28,28
16,16
42,42
53,53
45,45
92,92
64,64
59,59
80,80
21,21
29,29
9,9
31,31
44,44
25,25
84,84
43,43
38,38
94,94
27,27
48,48
50,50
19,19
78,78
36,36
57,57
81,81
24,24
20,20
11,11
47,47
93,93
66,66
7,7
76,76
85,85
24,24
30,30
72,72
59,59
33,33
94,94
55,55
44,44
79,79
55,55
62,62
92,92
3,3
3,3
53,53
65,65
82,82
4,4
28,28
53,53
38,38
15,15
3,3
89,89
6,6
31,31
21,21
35,35
89,89
32,32
49,49
61,61
10,10
77,77
38,38
60,60
38,38
14,14
48,48
94,94
26,26
76,76
5,5
32,32
56,56
82,82
66,66
92,92
45,45
29,29
28,28
33,33
46,46
82,82
39,39
84,84
39,39
76,76
78,78
20,20
77,77
75,75
87,87
34,34
74,74
92,92
25,25
70,70
5,5
18,18
23,23
23,23
69,69
3,3
35,35
4,4
88,88
54,54
62,62
70,70
44,44
40,40
11,11
4,4
60,60
16,16
91,91
36,36
3,3
40,40
83,83
73,73
60,60
17,17
56,56
33,33
43,43
80,80
87,87
50,50
12,12
31,31
55,55
16,16
39,39
89,89
53,6
88,88
36,36
10,18
56,56
13,13
24,24
83,83
20,20
15,15
92,92
39,39
5,5
3,3
60,60
37,37
65,65
82,82
28,28
17,17
71,71
77,77
24,24
13,13
10,10
69,69
87,87
65,65
57,57
16,16
69,69
43,43
62,62
19,19
58,58
87,87
25,25
51,51
92,92
44,44
84,84
29,29
8,8
36,36
55,55
51,51
59,59
47,47
6,6
17,17
57,57
93,93
41,41
79,53
70,70
30,30
79,79
89,89
71,62
3,3
18,18
32,32
86,86
36,36
36,36
32,32
13,6
65,65
79,79
78,78
25,25
42,42
52,52
88,88
81,81
50,50
9,9
72,72
73,73
32,32
82,82
32,32
41,41
78,78
42,42
1,1
72,72
89,89
24,24
30,30
56,56
19,19
60,60
27,27
23,23
54,54
13,13
41,41
72,72
29,29
43,43
62,62
82,82
65,65
41,62
39,39
33,33
46,46
32,32
93,93
1,1
38,38
87,87
15,15
70,70
63,63
49,49
40,40
45,45
39,39
81,81
14,14
82,82
85,85
88,88
82,82
60,60
59,59
35,35
90,90
8,8
11,11
21,21
82,82
17,17
88,88
39,39
31,31
42,42
15,15
61,61
3,3
7,7
73,73
4,4
33,33
44,44
18,18
58,58
93,93
24,24
58,58
22,35
39,39
31,31
19,19
7,7
24,24
9,9
69,69
73,73
94,94
69,69
92,92
44,44
36,36
5,5
60,60
51,51
77,77
28,28
17,17
52,52
35,35
34,34
33,33
45,45
89,89
85,85
33,33
29,29
49,49
94,94
5,5
91,91
69,69
71,71
71,71
80,80
35,35
9,9
7,7
54,54
66,66
55,55
50,50
90,90
92,92
51,51
89,89
85,85
28,28
84,84
78,78
26,26
58,58
68,68
7,7
7,7
61,61
55,55
30,30
88,88
42,42
28,28
61,61
21,21
83,83
89,89
0,0
61,61
63,63
79,79
91,91
86,86
21,21
85,85
68,68
14,14
33,33
26,26
74,74
10,10
81,81
42,42
19,19
10,10
82,82
64,64
77,77
58,58
39,39
7,7
14,14
84,53
60,60
89,71
64,64
38,38
89,89
39,39
48,48
59,59
59,59
41,64
86,86
27,27
53,53
24,24
73,73
58,58
36,36
40,40
35,35
46,46
92,92
42,42
41,41
15,15
19,19
22,22
47,47
8,8
13,13
18,18
93,93
17,17
15,15
11,11
37,37
94,94
78,78
72,72
59,59
34,34
67,67
27,27
63,63
7,7
0,0
29,29
29,29
35,35
32,32
7,7
91,91
12,12
51,51
33,33
77,77
63,63
61,61
68,68
47,47
21,21
61,61
36,36
19,19
54,54
13,13
22,22
68,68
94,94
15,15
93,93
78,78
24,24
61,61
59,59
41,41
71,71
90,90
56,56
65,65
84,84
78,78
13,13
5,5
65,65
84,84
0,0
12,12
34,34
5,5
3,3
39,39
58,64
58,64
25,25
93,93
87,87
35,35
22,22
47,47
49,49
73,73
61,61
45,45
22,22
2,2
70,70
61,61
47,47
91,91
47,47
12,12
37,37
89,89
63,63
62,62
64,64
19,19
34,34
21,21
56,56
52,52
43,43
80,80
83,83
71,71
90,90
76,76
50,50
81,81
24,24
15,15
23,23
28,28
92,92
75,75
14,14
44,44
25,25
28,28
82,82
40,40
48,48
21,21
64,64
25,25
61,61
72,72
30,30
18,18
7,7
77,77
38,38
80,80
71,71
38,38
92,92
54,54
64,64
82,82
37,37
7,7
59,59
93,93
54,54
70,70
29,29
50,6
67,67
64,64
45,45
87,87
61,61
49,49
5,5
79,79
85,85
94,94
86,86
80,80
36,36
41,41
88,88
67,67
9,9
68,68
89,89
28,28
23,23
33,33
66,66
78,78
71,71
6,6
67,67
62,62
33,33
50,50
7,7
4,4
9,9
57,57
17,17
14,14
83,83
88,88
94,94
71,71
24,24
1,1
70,70
29,29
14,14
84,84
10,10
91,91
9,9
8,8
89,89
86,86
31,31
86,86
10,10
80,80
18,18
67,67
35,35
70,70
62,62
56,56
75,75
93,93
86,86
27,27
32,32
86,86
70,70
80,80
38,38
5,5
9,9
1,1
82,82
17,17
72,72
63,63
15,15
21,21
39,39
6,6
85,85
20,20
50,50
56,56
73,73
36,36
21,21
76,76
26,26
15,15
86,86
59,59
17,17
6,6
81,81
76,76
63,63
16,16
88,88
74,74
18,18
47,47
82,82
2,2
2,2
28,28
91,91
32,32
35,35
30,30
27,27
79,79
41,41
93,93
54,54
15,15
31,31
1,1
10,10
36,36
75,75
33,33
45,45
19,19
21,21
27,27
80,80
63,63
21,21
34,34
13,13
77,77
18,18
21,21
82,82
84,84
85,85
61,61
76,76
64,35
15,15
9,9
65,65
26,26
2,2
72,72
74,74
1,1
17,17
60,60
80,80
41,41
78,78
80,80
58,58
33,33
84,84
93,93
93,93
14,14
68,68
66,66
72,72
67,67
5,5
3,3
34,34
90,90
55,55
49,49
67,67
6,6
91,91
8,8
83,83
70,70
76,76
91,91
74,74
55,55
22,22
66,66
5,5
20,20
7,7
16,16
90,90
59,59
91,91
57,57
42,42
2,2
37,37
15,15
70,70
46,46
36,36
17,17
89,89
29,29
82,82
60,60
18,18
86,86
48,48
56,56
7,7
79,79
2,2
11,11
64,35
4,4
71,71
67,67
28,28
61,61
84,84
82,82
47,47
87,87
31,31
17,17
12,12
28,28
77,77
52,52
76,76
58,64
25,25
34,34
43,43
88,88
20,20
68,68
55,55
32,32
42,42
33,33
3,3
48,48
12,12
12,12
43,43
85,85
25,25
74,74
42,42
33,33
3,3
86,86
6,6
22,22
62,62
77,77
62,62
34,34
32,32
51,51
29,29
62,62
19,19
62,62
15,15
28,28
86,86
92,92
10,10
55,40
61,61
60,60
47,47
90,90
16,16
52,52
43,43
84,84
72,72
64,64
92,92
94,94
63,63
49,49
88,88
24,24
19,19
55,55
48,48
25,25
78,78
5,5
93,93
21,21
45,45
54,54
76,76
35,35
83,83
33,33
21,21
92,92
14,14
32,32
61,61
79,79
26,26
50,50
39,39
56,56
73,73
31,31
16,16
7,7
10,10
27,27
86,86
38,38
6,6
83,83
35,35
85,85
58,58
75,75
29,29
55,55
43,43
3,3
84,84
48,48
83,83
59,59
31,31
69,69
46,46
88,88
25,25
44,44
67,67
63,63
47,47
92,92
27,27
67,67
53,53
50,50
90,90
13,13
24,35
46,46
22,22
51,51
81,81
73,73
70,70
79,79
17,17
38,38
47,35
85,85
84,84
75,75
72,72
78,78
26,26
33,33
35,35
61,61
80,80
52,52
35,35
49,49
50,50
9,9
78,78
15,15
56,56
85,85
63,63
65,65
58,58
38,38
74,74
46,46
50,50
20,20
37,37
13,13
43,43
61,61
72,72
74,74
78,78
1,1
41,41
47,47
65,65
12,12
10,10
14,14
60,60
30,30
82,82
62,62
20,20
46,46
24,24
36,36
32,32
83,83
45,45
53,53
9,9
71,71
21,21
65,65
42,42
59,59
94,94
25,25
56,56
30,18
77,77
78,78
45,45
54,54
43,43
55,55
85,85
14,14
67,67
37,37
50,50
83,83
51,51
11,11
65,65
42,42
0,0
6,6
34,34
67,67
57,57
16,16
4,4
62,62
5,5
30,30
94,94
84,84
31,31
32,32
65,65
67,53
68,68
18,18
6,6
24,24
90,90
40,40
51,51
71,71
12,12
50,50
31,31
23,23
73,73
43,43
23,23
90,90
42,42
45,45
54,54
60,60
80,80
85,85
83,83
25,25
29,29
8,8
37,37
9,9
65,65
73,73
69,69
91,91
37,37
66,66
55,55
56,56
40,40
94,94
45,45
12,12
91,91
66,66
59,59
53,68
59,59
22,22
26,26
2,2
3,3
35,35
21,21
73,73
60,60
58,58
9,9
60,60
19,19
28,28
35,35
31,31
66,66
21,21
12,12
9,9
89,89
70,70
4,4
49,49
73,73
91,91
86,86
20,20
2,2
92,92
28,28
68,68
52,52
52,52
75,75
41,41
77,77
63,63
68,68
67,67
35,35
87,87
21,21
71,71
71,71
59,59
28,28
57,57
29,29
49,13
17,17
88,88
66,66
87,87
5,5
35,35
53,53
69,69
15,15
79,79
12,12
61,61
34,34
31,31
79,79
19,19
81,81
4,4
63,63
40,40
65,65
13,13
48,48
64,64
13,13
70,70
36,36
0,0
92,92
42,42
69,69
86,86
40,40
44,44
17,17
15,15
29,29
21,21
41,41
10,10
94,94
10,10
53,53
26,26
21,21
8,8
57,57
17,17
15,15
24,24
14,14
72,72
28,28
54,54
76,76
40,40
79,79
8,8
23,23
13,13
55,55
93,93
43,43
30,30
47,47
19,19
65,65
23,23
58,58
38,38
88,88
92,92
69,69
52,52
69,69
42,42
69,69
3,3
88,88
22,22
26,26
52,52
63,63
49,49
6,6
7,7
94,94
16,16
4,4
6,6
11,11
27,27
90,90
16,16
43,43
67,67
42,42
19,19
35,35
82,82
87,87
63,63
68,68
1,1
70,70
12,12
88,88
0,0
61,61
73,73
93,93
19,19
36,36
3,3
34,34
41,41
84,84
35,35
12,12
4,4
46,46
60,60
90,90
69,69
65,22
5,5
78,78
54,54
93,93
36,36
18,18
54,54
58,58
77,77
63,63
4,4
1,1
72,72
82,82
57,57
32,32
45,45
62,62
12,12
2,2
3,3
4,4
54,54
48,48
50,50
9,9
34,34
47,47
65,65
60,60
32,32
87,87
7,7
6,6
36,36
5,5
26,26
22,22
12,12
53,53
0,0
29,29
94,94
34,34
85,85
93,93
86,86
23,23
85,85
7,7
82,82
32,32
4,4
55,55
3,3
37,35
68,68
35,35
43,43
63,63
90,90
44,44
69,69
7,7
49,49
14,14
16,16
35,35
30,30
55,55
92,92
47,47
18,18
89,89
35,35
22,22
42,42
61,61
64,64
5,5
40,40
74,74
15,15
72,72
83,53
81,81
56,56
17,17
73,73
24,24
45,45
37,37
60,60
64,64
57,57
48,48
71,71
30,30
23,23
42,42
37,37
67,67
29,29
18,18
52,52
66,66
72,72
48,48
67,67
86,86
2,2
57,57
4,4
90,90
22,22
79,79
58,58
56,56
75,75
22,22
77,77
82,82
85,85
83,83
11,11
62,62
0,0
66,66
94,94
90,90
87,87
92,92
69,69
14,14
32,32
76,76
53,53
51,51
94,94
6,6
86,86
15,15
56,56
27,27
64,64
21,21
81,81
83,83
35,35
8,8
54,54
90,90
41,41
73,73
76,76
73,73
67,67
90,90
47,47
55,55
54,54
78,78
3,3
82,82
91,91
30,30
46,46
61,61
56,56
37,82
46,46
48,48
90,90
49,49
12,12
87,87
47,47
4,4
31,31
54,54
57,57
21,21
71,71
2,2
89,89
1,1
5,5
82,82
77,77
91,53
91,91
5,5
67,67
63,63
54,54
82,82
48,48
79,79
18,18
84,84
28,28
48,48
78,78
84,84
34,34
15,15
60,60
15,15
43,43
90,90
65,65
54,54
64,64
50,50
18,18
51,51
18,18
22,22
67,67
88,88
50,50
82,82
14,14
54,54
77,77
92,92
85,85
29,29
23,23
93,93
13,13
33,33
27,27
79,79
3,3
17,17
52,52
33,33
75,75
29,29
66,66
62,62
21,21
53,53
27,27
69,69
19,19
39,39
53,53
27,27
42,42
13,13
85,85
80,80
14,14
42,42
33,33
59,59
70,70
60,60
7,7
30,30
7,7
21,21
82,82
44,44
93,93
60,60
56,56
73,73
73,73
61,61
71,71
9,9
83,83
32,32
14,14
85,85
17,17
70,70
85,85
82,82
85,85
34,34
4,4
5,5
70,70
41,41
50,50
7,7
55,55
94,94
6,6
19,19
71,71
80,80
26,26
60,60
46,46
34,34
82,82
29,29
62,62
89,89
88,88
24,24
40,40
79,79
93,93
6,6
65,65
18,18
12,12
88,88
0,0
80,80
46,46
93,93
60,60
32,32
54,54
38,38
87,87
56,56
21,21
19,19
21,21
22,22
14,35
23,23
30,30
51,51
86,86
13,13
56,56
60,60
48,48
53,53
58,58
17,17
63,63
20,20
80,80
10,10
61,36
60,60
0,0
80,80
40,40
14,14
22,22
54,54
87,87
14,14
78,78
38,38
64,64
13,13
21,21
38,38
50,50
57,57
17,17
27,27
19,19
37,37
16,16
81,81
16,16
19,19
30,30
63,63
28,28
76,76
61,61
39,39
58,58
26,26
84,84
32,32
21,21
50,50
64,64
43,43
62,62
35,35
32,32
76,76
63,63
14,14
19,19
58,58
82,82
19,19
81,81
93,93
45,45
26,26
68,68
93,93
57,57
10,10
4,4
77,77
42,42
42,42
82,82
13,35
87,87
47,47
39,39
90,90
12,6
4,76
46,46
24,24
75,75
58,58
19,35
63,63
29,29
6,6
74,74
92,92
2,2
50,50
39,39
36,36
28,28
38,38
59,59
72,72
24,24
85,85
13,13
19,19
20,20
8,8
60,60
82,82
11,11
60,60
70,70
27,27
25,25
43,43
53,53
28,28
63,63
43,43
27,27
10,10
1,1
1,1
51,51
69,69
20,20
63,63
32,32
48,48
67,67
48,48
61,61
3,3
38,38
13,13
26,26
88,88
6,6
13,13
40,40
60,60
26,26
85,85
91,91
3,3
52,52
42,42
75,75
84,84
83,83
91,91
81,81
78,78
48,48
8,8
27,27
1,1
44,44
64,64
35,35
73,73
17,17
18,18
1,1
88,88
39,39
54,54
54,54
73,73
70,70
90,90
92,92
40,40
6,6
51,51
35,35
34,34
65,65
78,78
65,65
89,89
67,67
41,41
50,50
4,4
45,45
0,0
29,29
28,28
48,48
61,61
64,53
33,33
55,55
59,59
26,26
21,21
61,61
22,22
87,87
84,84
88,88
47,47
5,5
37,37
12,12
85,85
44,44
63,63
15,15
58,58
29,29
61,61
52,52
20,20
48,48
12,12
20,20
94,94
87,87
7,7
75,75
71,71
62,62
79,79
60,60
49,49
52,52
31,31
22,22
38,38
36,36
12,12
63,63
79,79
80,80
5,5
43,43
38,38
29,29
22,22
1,1
77,77
53,53
13,13
92,92
50,50
20,20
90,90
90,90
4,4
77,77
11,11
0,0
67,67
0,0
74,74
42,42
69,69
83,83
76,76
58,58
30,30
40,40
46,46
50,50
35,35
8,8
85,85
1,22
76,76
52,52
63,63
20,20
75,75
10,10
84,84
8,8
73,73
10,10
25,25
38,38
16,16
29,29
78,78
14,14
47,47
79,79
46,46
8,8
16,16
31,31
1,1
21,21
23,23
9,9
31,31
25,25
22,22
89,89
52,52
10,10
89,89
30,30
45,45
56,56
92,92
44,44
14,14
89,89
4,4
91,91
46,46
6,6
83,83
89,89
84,84
59,59
67,67
94,94
59,59
68,68
78,78
5,5
41,41
25,25
74,74
71,71
12,12
76,76
79,79
30,30
26,26
55,55
3,3
54,54
17,17
26,26
67,67
54,54
37,37
82,82
63,63
54,54
44,44
17,17
42,42
82,82
2,2
38,38
25,25
14,14
81,81
93,93
60,60
59,59
34,34
74,74
6,6
11,11
43,43
20,20
79,79
13,13
86,86
76,76
32,32
63,63
3,3
94,94
47,47
49,49
77,77
15,15
33,33
46,46
13,13
3,3
25,25
63,63
25,25
92,92
5,5
19,19
45,45
33,33
94,94
91,91
44,44
48,48
52,52
33,33
51,51
59,59
72,72
55,55
81,81
52,52
80,80
0,0
32,32
69,69
10,10
78,78
50,50
5,5
45,45
34,34
24,24
7,7
74,74
55,55
39,39
67,67
79,79
45,45
62,62
69,69
30,30
50,50
73,73
84,23
11,11
40,40
53,53
20,20
27,27
49,49
83,83
45,45
84,84
51,51
36,36
66,66
20,20
66,66
77,77
22,22
6,6
32,32
26,26
1,1
64,64
59,59
54,54
1,1
26,26
64,64
25,25
30,30
90,90
11,11
49,49
53,53
30,30
24,24
20,20
88,88
48,48
32,32
28,28
76,76
10,10
52,52
31,31
28,28
1,1
78,78
54,53
72,72
8,8
32,32
41,41
7,7
35,35
20,20
62,62
69,69
69,69
29,29
10,10
24,24
20,20
59,59
68,68
73,73
74,74
82,82
29,29
85,85
49,49
42,42
59,59
14,14
32,32
7,7
46,46
14,14
42,42
77,77
51,51
18,18
18,18
71,71
44,44
43,43
31,31
63,63
37,37
9,9
77,77
20,20
2,2
55,55
53,53
52,52
27,27
32,32
0,0
64,34
70,70
15,15
12,12
78,78
85,85
64,64
26,26
83,83
43,43
41,41
85,85
86,86
34,34
2,2
46,46
4,4
66,66
77,77
68,68
38,38
38,38
1,1
37,37
39,39
88,88
19,19
75,75
90,90
73,73
66,66
20,20
19,19
24,24
72,72
26,26
73,73
19,19
12,12
23,23
76,76
75,75
17,17
55,55
54,54
87,87
67,67
7,7
43,43
87,87
89,89
26,26
83,83
54,54
81,81
66,66
49,49
73,73
73,73
21,21
59,59
72,72
69,69
75,75
66,66
37,37
16,16
38,38
49,49
2,2
13,13
90,90
80,80
33,33
58,35
27,27
59,59
18,18
69,69
33,33
34,34
82,82
16,16
33,33
38,38
59,59
38,38
79,79
37,37
3,3
28,28
64,64
32,32
11,11
48,48
92,92
53,53
42,42
3,3
27,27
90,90
59,59
69,69
67,67
75,75
85,85
0,0
65,65
69,69
58,58
57,57
36,36
91,91
33,33
49,49
50,50
71,71
32,32
93,93
20,20
56,56
82,82
16,16
6,6
56,56
55,55
43,43
14,14
94,94
83,83
4,4
55,55
74,74
57,57
53,58
59,59
16,16
43,43
38,38
59,59
59,59
9,9
70,70
33,33
71,71
26,26
88,88
80,80
39,39
59,59
40,40
37,37
19,19
61,61
54,54
80,80
91,91
36,36
60,60
72,72
9,9
85,85
47,47
80,80
56,56
42,42
71,71
58,58
75,75
94,94
69,69
72,72
13,13
2,2
6,6
69,69
28,28
74,74
35,35
53,53
42,42
13,13
53,53
18,18
72,72
88,88
89,89
35,35
10,10
17,17
26,26
86,86
64,64
8,8
25,25
23,23
33,33
19,19
15,15
32,32
72,72
12,12
94,94
1,1
56,56
53,53
53,53
3,3
1,1
72,72
50,50
84,84
44,44
64,64
69,69
28,28
92,92
13,13
36,36
6,6
48,48
55,55
10,10
43,43
28,28
28,28
20,20
86,86
47,47
58,58
0,0
35,35
60,60
83,83
40,40
87,87
26,26
75,75
94,94
69,69
67,67
8,8
21,21
37,37
7,7
91,91
78,78
76,76
27,27
45,45
94,94
79,79
39,39
22,22
66,66
30,30
44,44
92,92
64,6
89,89
7,7
20,20
7,7
92,92
86,86
56,56
14,14
5,5
61,61
86,86
50,50
2,2
61,61
68,68
13,13
18,18
91,91
5,5
30,30
72,72
53,53
91,91
13,13
62,62
24,24
5,5
12,12
4,4
47,47
84,84
59,59
47,47
31,31
75,75
92,92
20,20
15,15
74,74
94,94
41,41
46,46
46,46
88,88
71,71
9,9
74,74
25,25
54,54
52,52
72,72
14,14
54,54
4,4
43,43
76,76
52,52
82,82
28,28
35,35
76,76
65,65
86,86
71,71
25,25
68,68
79,79
47,47
94,94
24,24
63,63
39,39
4,4
59,59
75,75
0,0
63,63
75,75
55,55
11,11
87,87
43,43
76,76
65,65
74,74
49,49
75,75
1,1
63,63
14,14
58,58
10,10
64,64
31,31
29,29
84,84
59,59
43,43
4,4
4,4
85,85
34,79
33,33
71,71
25,25
18,18
92,92
79,79
46,46
19,19
78,78
22,22
63,63
5,5
27,27
16,16
81,81
68,68
8,8
60,60
18,18
47,47
24,24
2,2
45,45
18,18
61,61
43,43
27,27
22,22
4,4
69,69
75,75
46,46
75,75
49,49
3,3
2,2
16,16
81,81
34,34
35,35
49,49
37,37
34,64
94,94
12,12
69,69
66,66
76,76
32,32
84,84
23,23
9,9
73,73
9,9
94,94
54,54
71,71
9,9
49,49
16,16
56,56
12,12
64,64
26,26
85,85
35,35
65,65
27,27
70,70
59,59
25,25
33,33
11,11
87,87
91,91
17,17
34,64
70,70
27,27
52,52
38,38
14,14
37,37
80,80
60,60
32,32
84,76
34,90
53,53
4,4
81,81
56,56
8,8
57,57
30,30
75,75
26,26
5,5
31,31
90,90
63,63
38,38
48,48
71,71
75,75
91,91
93,93
21,21
45,45
77,77
5,5
90,90
56,56
14,14
71,71
76,76
17,17
74,74
52,52
42,42
26,26
29,29
49,49
79,79
49,49
38,38
15,15
12,12
29,29
53,53
85,85
46,46
81,81
22,22
43,43
23,23
23,23
56,56
86,86
66,66
35,35
44,44
26,26
3,3
35,35
79,79
15,15
25,25
39,39
60,60
57,57
49,49
17,17
83,83
87,87
32,32
81,81
92,92
84,84
45,45
66,66
64,64
27,27
71,71
21,21
46,46
92,92
8,8
84,84
63,63
0,0
51,51
67,67
28,28
3,3
41,41
59,59
8,8
20,20
31,31
85,85
11,11
38,38
71,71
13,13
43,43
43,43
6,6
30,30
83,83
74,74
30,35
8,8
79,79
74,74
7,7
85,85
62,62
90,90
19,19
45,45
81,81
37,37
80,80
37,37
57,57
32,32
36,76
58,58
93,93
52,52
26,26
18,18
48,48
90,90
74,74
58,58
93,93
88,88
16,16
25,25
48,48
7,7
49,49
27,27
51,51
48,48
23,23
84,84
78,78
36,35
60,60
57,57
80,80
64,64
9,9
65,65
87,87
16,16
41,41
61,61
20,20
38,35
18,18
52,52
26,26
72,53
81,81
57,57
66,66
36,36
2,2
18,18
47,47
29,29
10,10
37,37
31,31
29,29
60,60
51,51
61,61
91,91
51,51
42,42
24,24
49,49
14,14
68,68
3,3
60,60
60,60
72,72
4,4
23,23
50,50
72,72
40,40
34,34
62,62
0,0
22,22
72,72
50,50
46,46
73,73
47,47
51,51
40,40
76,76
37,37
3,3
34,34
62,62
9,9
10,10
92,92
81,81
18,18
69,69
79,79
14,14
44,44
1,1
91,91
56,56
19,19
24,24
44,44
62,62
39,39
92,92
63,63
24,24
0,0
22,22
92,92
2,2
77,77
80,80
60,60
62,62
91,91
44,44
36,36
32,32
87,87
48,48
58,58
40,40
70,70
80,80
40,40
20,13
31,31
58,58
75,75
30,30
86,86
11,11
87,87
3,3
46,46
91,91
74,74
85,85
27,27
80,80
16,16
93,93
90,90
9,9
22,22
43,43
20,20
8,8
64,64
29,29
33,33
37,37
75,75
51,51
84,84
20,20
36,36
63,63
62,62
1,1
0,0
85,85
74,74
84,84
2,2
55,55
31,31
31,31
74,74
82,82
89,89
7,7
72,72
63,53
24,24
11,11
83,83
70,70
20,20
25,25
45,45
60,60
43,43
62,62
54,54
86,86
55,55
94,94
83,83
1,1
74,74
40,40
23,23
34,34
24,24
57,57
44,44
64,64
37,37
36,36
6,6
60,60
39,39
90,90
84,84
36,36
20,20
92,92
0,0
19,19
27,27
86,86
44,44
59,59
31,31
76,76
57,57
26,26
39,39
54,54
41,41
89,89
48,48
35,35
16,16
77,77
42,42
41,41
47,47
76,76
27,27
59,59
91,91
73,73
78,78
8,8
13,13
36,36
35,35
2,2
49,49
11,11
45,45
24,24
3,3
55,55
5,5
89,89
61,61
0,0
8,8
27,27
14,14
26,26
17,17
67,67
71,71
90,90
46,46
74,74
33,33
0,0
48,48
20,20
80,80
48,48
33,33
9,9
15,15
5,5
3,3
30,30
6,6
2,2
9,9
5,5
44,44
32,32
44,44
23,23
18,18
16,16
60,60
47,47
88,88
58,58
55,55
15,15
28,28
47,47
18,18
25,25
50,50
84,84
35,35
12,12
1,1
8,8
93,93
51,51
6,6
62,62
30,30
24,24
54,54
94,94
45,45
87,87
64,64
13,13
56,56
68,68
34,34
36,36
35,35
55,55
65,65
5,5
19,19
49,49
68,68
1,1
87,87
6,6
11,11
15,15
73,73
15,15
43,43
12,12
37,37
79,79
76,76
75,75
47,47
87,87
38,38
0,0
76,76
42,42
92,92
12,12
89,71
8,8
5,5
27,27
94,94
44,44
93,93
12,12
8,8
18,18
33,33
33,33
33,33
3,3
78,78
47,47
30,30
80,80
19,19
51,51
63,63
27,27
45,45
2,2
14,14
26,26
17,17
93,93
93,93
69,69
37,37
29,29
28,28
87,87
84,84
40,40
20,20
80,80
55,55
1,1
5,5
76,76
78,78
30,30
53,53
76,76
52,52
46,46
73,73
63,63
90,90
1,1
18,18
78,78
71,71
80,80
55,55
22,22
74,74
46,46
83,83
69,69
14,14
55,55
49,49
45,45
47,47
51,51
23,23
72,72
45,45
89,89
40,40
85,85
1,1
23,23
80,80
62,62
11,11
82,82
35,35
36,36
44,44
46,46
57,57
15,15
38,38
5,5
93,93
1,1
48,48
78,78
0,0
53,53
35,35
10,10
85,85
25,25
64,64
52,52
69,69
10,10
82,53
50,50
3,3
78,78
53,53
63,63
11,11
84,84
15,15
45,45
74,74
48,48
37,37
38,38
55,73
14,14
18,18
46,46
66,66
83,83
83,83
18,18
59,59
73,73
72,72
44,44
7,7
47,47
25,25
19,19
84,84
50,50
26,26
68,68
76,76
5,5
17,17
8,8
83,83
4,4
34,34
56,56
3,3
31,31
38,38
25,25
21,21
30,30
55,55
92,92
42,42
80,80
36,36
13,13
18,18
77,77
7,7
60,60
67,67
37,37
11,11
69,69
29,29
89,89
38,38
35,35
33,33
59,59
31,31
43,43
55,55
83,83
81,81
12,12
49,49
56,56
92,92
0,0
5,5
93,93
20,20
56,56
6,6
82,82
2,2
39,39
28,28
21,21
69,69
86,86
62,62
5,5
16,16
15,15
69,69
12,12
56,56
36,36
77,77
56,56
90,90
38,38
76,76
15,15
84,84
20,20
47,47
58,58
90,90
79,79
7,7
73,73
53,53
74,74
87,87
92,92
69,69
48,48
4,4
74,74
9,9
46,46
49,49
17,17
62,62
18,18
33,33
60,60
74,74
59,59
32,32
78,78
5,5
47,47
33,33
87,87
41,41
43,43
75,75
78,78
56,56
57,57
23,23
28,28
60,60
0,0
57,57
65,65
32,32
63,63
61,61
47,47
63,63
30,30
12,12
87,87
1,1
94,94
39,39
52,52
12,12
69,69
31,31
55,55
0,0
39,39
65,65
75,75
89,89
24,24
17,17
14,14
79,79
78,78
89,89
94,94
89,89
45,45
27,27
21,21
86,86
8,8
79,79
63,63
88,88
31,31
87,87
83,83
18,35
51,51
84,84
18,18
70,70
8,8
67,67
83,83
20,20
73,73
73,73
68,68
90,90
38,38
7,7
49,49
37,37
36,36
41,41
16,16
25,25
34,34
21,21
39,39
25,25
80,80
62,62
67,67
41,41
18,18
30,30
6,6
32,32
6,6
33,33
25,25
42,42
63,63
29,29
82,82
36,36
85,85
3,3
5,5
93,93
37,37
66,66
30,30
73,73
58,58
83,83
93,93
80,80
89,89
81,81
3,3
50,50
40,40
71,71
41,41
3,3
33,33
26,26
84,84
51,51
13,13
42,42
88,88
49,49
60,60
23,23
82,82
74,74
29,29
36,36
69,69
28,28
30,30
48,48
51,51
52,52
78,78
57,57
61,61
3,3
78,78
3,3
52,52
57,57
34,34
46,46
67,67
2,2
6,6
7,7
13,13
50,50
11,11
39,39
75,75
39,39
35,35
41,41
91,91
78,78
76,76
6,6
85,85
46,46
83,83
85,85
28,28
22,22
64,64
42,42
12,12
61,61
57,57
18,18
34,34
64,6
69,69
4,4
21,21
39,39
38,38
53,53
58,58
66,66
75,75
12,12
28,28
61,61
65,65
82,82
28,28
41,41
33,33
71,71
83,83
10,10
41,41
87,87
20,20
23,23
75,75
77,77
39,39
0,0
51,51
28,28
6,6
46,46
51,51
67,67
82,82
44,44
41,41
14,14
77,77
67,67
23,23
84,84
90,90
86,86
79,79
40,40
20,20
11,11
62,62
34,34
23,23
82,82
74,74
35,53
35,35
50,50
8,8
49,64
45,45
87,87
64,64
92,92
10,10
10,10
43,43
65,65
56,56
92,92
45,45
17,17
59,59
94,94
85,85
37,37
30,30
86,86
25,25
27,27
46,46
5,4
9,9
13,13
94,94
81,81
40,40
32,32
64,64
40,40
87,87
2,2
21,21
76,76
38,38
91,91
67,67
12,12
12,12
66,66
13,13
41,41
13,13
20,20
50,50
9,9
42,42
79,79
70,70
39,39
30,30
17,17
48,48
48,48
0,0
5,5
61,61
0,0
56,56
6,6
57,57
91,91
54,54
35,35
40,40
88,88
53,53
33,33
88,88
7,7
16,16
54,54
1,1
30,30
31,31
47,47
21,21
38,38
39,39
54,54
90,90
21,21
93,93
60,60
59,59
23,23
11,11
87,87
1,1
2,2
82,82
54,54
4,4
16,16
35,35
80,80
15,15
4,4
4,4
12,12
73,73
91,91
10,10
49,49
31,31
71,71
62,62
86,86
9,9
51,51
7,7
86,86
66,66
92,92
81,81
30,30
44,44
41,41
6,6
31,31
40,40
30,30
15,15
91,91
43,43
1,1
87,87
49,49
84,84
62,62
22,22
38,38
72,72
37,37
70,70
2,2
37,37
36,36
61,61
48,48
73,73
92,92
32,32
3,3
67,67
40,40
0,0
32,32
2,2
70,70
29,29
23,23
83,83
11,11
73,73
76,76
62,62
2,2
38,38
71,71
86,86
0,0
6,6
36,36
64,35
19,19
54,54
30,30
25,25
13,13
2,2
54,54
37,37
42,42
68,68
3,3
67,67
85,85
53,53
66,66
8,8
34,34
74,74
52,52
8,8
5,5
16,16
90,90
19,19
56,56
33,33
2,2
45,45
71,71
83,83
90,90
15,15
19,19
12,12
24,24
40,40
94,94
35,35
11,11
28,28
20,20
14,14
68,68
9,9
31,31
9,9
90,90
20,20
69,69
7,7
47,47
44,44
2,2
64,64
21,21
71,71
79,79
2,2
51,51
74,74
76,76
90,90
44,44
93,93
89,89
46,46
19,19
72,72
53,53
63,63
9,9
70,70
1,1
85,85
32,32
0,0
58,58
54,54
83,83
29,29
41,41
0,0
42,42
88,88
29,29
54,54
38,38
41,41
18,18
69,69
36,36
53,53
61,61
36,36
42,42
64,64
34,34
74,74
23,23
42,42
53,53
77,77
45,45
71,71
81,81
2,2
22,22
44,44
72,72
64,64
43,43
3,3
12,12
94,94
24,24
33,33
67,67
25,25
61,61
45,45
48,48
84,84
70,70
36,36
6,6
11,11
16,16
89,89
94,94
41,41
14,14
10,10
81,81
72,72
60,60
21,21
34,34
46,46
54,54
79,79
73,73
25,25
60,60
18,18
35,35
9,9
86,86
81,81
13,13
71,71
65,65
40,40
1,1
34,34
19,19
83,83
59,59
3,3
30,30
75,75
85,85
19,19
29,29
39,39
60,60
59,59
46,46
71,71
26,26
51,51
27,27
92,92
73,73
64,64
68,68
27,27
34,34
61,61
88,88
84,84
46,46
48,48
77,77
72,72
61,61
82,82
75,75
30,30
56,56
35,35
42,42
50,50
2,2
40,40
6,6
2,2
81,81
63,63
44,44
63,63
87,87
37,37
44,44
10,10
23,23
76,76
24,24
92,92
75,75
77,77
81,81
42,42
94,94
91,91
55,55
22,22
4,4
58,58
7,7
79,79
11,11
38,38
67,67
71,71
60,60
56,56
61,61
7,7
78,78
21,21
9,9
24,24
14,14
54,54
60,60
22,22
3,3
63,63
34,35
80,80
36,36
48,48
37,37
74,74
76,76
32,32
89,89
61,61
83,83
28,28
61,61
27,27
25,25
4,4
30,30
55,55
16,16
89,89
71,71
54,54
72,72
57,57
5,5
19,19
8,8
59,59
5,5
68,68
27,27
7,7
11,11
87,87
42,42
27,27
29,29
70,70
32,32
46,46
10,10
83,83
64,64
24,24
8,8
40,40
77,77
34,34
86,86
88,88
25,25
13,13
81,81
90,90
44,44
48,48
93,93
53,53
89,89
13,13
17,17
12,12
91,91
18,18
33,33
87,87
85,85
91,91
60,60
76,76
30,30
5,5
17,17
73,73
71,71
48,48
51,51
91,91
0,0
39,39
50,50
25,25
51,51
53,53
13,13
51,51
34,34
36,36
1,1
25,25
25,25
58,58
0,0
24,24
2,2
86,86
86,86
34,34
53,53
70,70
41,41
57,57
46,46
70,70
87,87
87,87
31,31
40,40
18,18
49,49
42,42
19,19
7,7
62,62
21,21
72,72
11,11
72,35
20,20
73,73
25,25
79,79
5,5
17,17
29,29
37,37
88,88
23,23
42,42
10,10
1,1
81,81
76,76
32,32
54,54
21,21
16,16
45,45
43,35
72,72
16,16
65,65
68,68
3,3
84,84
31,31
35,35
33,33
12,12
14,14
40,40
40,40
60,60
62,62
58,58
76,76
75,75
94,94
94,94
81,81
51,51
91,91
22,22
54,54
51,51
15,15
60,60
77,77
43,43
47,47
73,73
56,56
89,89
26,26
4,4
83,83
71,71
26,26
47,47
0,0
41,41
13,13
73,73
29,29
8,8
9,9
90,90
80,80
6,6
53,53
34,34
78,78
16,16
45,45
76,76
61,61
14,14
50,50
26,26
3,3
45,45
55,55
63,63
9,9
93,93
53,53
14,14
10,10
51,51
65,65
90,90
6,6
39,39
5,5
52,52
55,55
50,50
46,46
65,65
15,15
28,28
57,57
88,88
94,94
36,36
60,60
40,40
11,11
45,45
62,62
18,18
50,50
85,85
94,94
57,57
86,86
68,68
53,53
76,76
21,21
35,35
0,0
50,50
42,42
5,5
27,27
14,14
63,63
22,22
63,63
42,42
40,40
57,57
26,26
60,60
23,23
54,54
14,14
91,91
90,90
31,31
0,0
7,7
57,57
75,75
65,65
68,68
12,12
45,45
88,88
41,41
11,11
68,68
90,90
2,2
72,72
76,76
19,19
22,22
60,60
18,18
29,29
40,40
29,29
6,6
59,59
80,80
15,15
1,1
2,2
6,6
79,79
3,3
26,26
83,83
52,52
76,76
62,62
74,74
65,65
4,4
22,22
69,69
24,24
69,69
49,49
29,29
5,5
33,33
87,87
77,77
20,20
18,18
30,30
87,87
26,26
29,29
8,8
52,52
18,18
31,31
39,39
10,10
35,35
13,13
6,6
27,27
0,0
24,24
88,88
79,79
50,50
29,29
84,84
3,3
68,68
23,23
73,73
65,65
13,13
11,11
29,29
19,19
87,87
15,15
65,65
79,79
73,73
77,77
83,83
30,30
29,35
71,71
49,49
0,0
73,73
31,31
75,75
33,33
67,67
37,37
24,24
27,27
22,22
27,27
0,0
8,8
4,4
36,36
18,18
67,67
91,91
68,68
20,20
65,65
8,8
15,15
24,24
11,11
58,58
41,41
83,83
1,1
69,69
40,40
78,78
31,31
10,10
17,17
28,28
81,81
22,22
42,42
3,3
20,20
33,33
20,20
41,41
56,56
9,9
57,57
53,53
44,44
42,42
75,75
29,29
70,70
60,60
91,91
28,28
94,53
62,62
57,57
44,44
26,26
15,15
7,7
52,52
6,6
67,67
8,8
28,28
91,91
70,70
20,20
22,22
67,67
40,40
32,32
83,83
64,64
32,32
38,38
77,77
65,17
27,27
2,2
25,25
39,39
52,52
94,94
48,48
43,43
63,63
18,18
37,37
30,30
35,35
31,31
43,43
41,41
37,37
11,11
1,1
52,52
57,57
82,82
39,39
11,11
41,41
91,91
33,33
15,15
77,77
14,14
23,23
32,32
39,39
36,36
86,86
86,86
2,2
8,8
84,84
38,38
26,26
52,52
41,41
43,43
64,64
34,34
62,62
51,51
87,87
9,9
58,58
63,63
31,31
26,26
74,74
47,47
48,48
75,75
49,49
20,20
45,45
47,47
71,71
94,94
46,46
59,59
0,0
42,42
61,61
75,75
87,87
67,67
86,86
78,78
70,70
83,83
68,68
14,14
7,7
76,76
45,45
13,13
90,90
19,19
80,80
39,39
41,41
16,16
57,57
12,12
73,73
38,38
78,78
24,24
35,35
50,50
12,12
19,19
47,35
8,8
22,22
89,89
34,34
53,53
78,78
52,52
28,28
52,52
51,51
55,55
90,90
78,78
72,72
53,53
22,22
32,32
32,32
81,81
62,62
13,13
8,8
21,21
10,10
48,48
50,50
24,24
25,25
23,23
23,23
64,64
24,24
48,48
26,26
82,82
14,14
3,3
51,51
67,67
66,66
88,88
6,6
7,7
87,87
62,62
77,77
0,0
2,2
82,82
10,10
58,58
54,54
39,39
65,65
76,76
8,8
68,68
7,7
61,61
23,23
53,53
53,53
36,36
14,14
13,13
53,53
82,82
52,52
58,58
25,25
57,57
2,2
23,23
30,30
1,1
5,5
84,84
22,22
0,0
75,75
81,81
9,9
46,46
68,68
7,7
9,9
53,53
79,79
77,77
55,55
83,83
66,66
56,56
10,10
67,67
73,73
35,35
90,90
29,29
57,57
94,94
24,24
55,55
8,8
8,8
65,65
17,17
44,44
78,78
30,30
10,18
2,2
91,91
28,28
39,39
21,21
19,19
67,67
22,22
92,92
12,12
38,38
17,17
5,5
1,1
74,74
34,34
5,5
80,80
11,11
7,7
76,76
11,11
67,67
39,39
93,93
27,27
77,77
81,81
27,27
8,8
16,16
5,5
32,32
22,22
76,76
81,81
85,85
8,8
1,1
48,48
91,91
72,72
61,61
20,20
73,73
55,55
6,6
54,54
85,85
19,19
3,3
58,58
20,20
68,68
80,80
15,15
92,92
11,11
18,18
47,47
44,44
3,3
77,77
29,29
93,93
11,11
61,61
51,51
90,90
65,65
50,50
72,72
57,57
6,6
6,6
85,85
18,18
20,20
93,93
39,39
14,14
10,10
62,62
27,27
89,89
45,45
49,49
90,90
9,9
38,38
91,91
67,67
72,72
18,18
42,42
26,26
82,82
92,92
59,59
67,67
35,35
57,57
92,92
25,25
49,49
64,64
89,89
80,80
89,89
46,46
41,41
10,10
54,54
44,44
49,49
44,44
32,32
81,81
9,9
44,44
27,27
91,91
30,30
51,51
56,56
76,76
84,84
77,77
93,93
82,82
6,6
72,72
66,66
34,34
73,73
73,73
78,78
23,23
8,8
52,52
48,48
46,46
90,90
11,11
71,71
72,72
74,74
85,85
40,40
77,77
7,7
44,44
28,28
11,11
15,15
85,85
42,42
11,11
14,14
83,83
19,19
88,88
23,23
3,3
40,40
18,18
77,77
65,65
1,1
69,69
27,27
33,33
74,74
8,8
52,52
38,38
10,10
58,58
13,13
63,63
39,39
75,75
54,54
31,31
43,43
66,66
6,6
11,11
0,0
57,57
65,65
78,78
36,36
78,78
14,14
25,25
34,34
91,91
79,79
14,14
22,22
34,34
17,17
68,68
78,78
66,66
91,91
88,88
65,65
66,66
72,72
41,41
79,79
78,78
87,87
91,91
45,45
77,77
0,0
90,90
84,84
62,62
12,12
25,25
49,49
67,67
25,25
43,43
66,66
81,81
4,4
15,15
48,48
84,84
9,9
7,7
50,50
69,69
70,70
47,47
43,43
68,68
41,41
73,73
92,92
22,22
3,3
17,17
41,41
58,58
74,74
41,41
77,77
30,30
79,79
31,31
31,31
36,36
10,10
55,55
63,63
92,92
66,66
37,37
17,17
42,42
18,18
1,1
34,34
40,40
90,90
51,51
59,59
43,43
65,65
40,40
83,83
87,87
86,86
73,73
50,50
52,52
45,45
83,83
92,92
17,17
83,83
55,55
58,58
63,63
47,47
35,35
2,2
80,80
39,39
88,88
51,51
44,44
83,83
33,33
87,87
18,18
73,73
1,1
71,71
10,10
14,14
80,80
19,19
69,69
6,6
22,22
51,51
89,89
49,49
87,87
56,56
26,26
64,64
67,67
94,94
89,89
88,88
85,85
47,47
0,0
36,36
67,67
22,22
84,84
8,8
66,66
36,36
53,53
94,94
61,61
46,46
6,6
18,18
61,61
65,65
8,8
10,10
91,91
28,28
62,62
43,43
32,32
28,28
36,36
79,79
83,6
88,88
50,50
20,20
77,77
18,18
86,86
81,81
35,35
2,2
31,31
4,4
19,19
38,38
94,94
87,87
21,21
79,79
53,53
25,25
27,27
55,55
13,13
45,45
14,14
52,52
2,2
39,64
68,68
18,18
7,7
68,68
66,66
73,73
39,39
7,7
31,31
24,24
37,37
10,10
42,42
72,72
30,30
37,37
64,64
30,30
62,62
45,45
73,73
9,9
77,77
46,46
67,67
62,62
70,70
79,79
19,19
94,94
84,84
63,63
88,88
69,69
74,74
21,21
64,53
68,68
67,67
79,79
69,69
21,21
9,9
1,1
71,71
52,52
67,67
66,66
18,18
23,23
19,19
31,31
18,18
43,43
28,28
16,16
77,77
60,60
26,26
57,57
3,3
75,75
69,69
41,41
53,53
9,9
23,23
26,26
45,45
54,54
94,94
21,21
83,83
7,7
50,50
93,93
51,51
67,67
53,53
57,57
46,46
28,28
84,84
70,70
43,43
21,21
12,12
91,91
65,65
31,31
36,36
49,49
85,85
56,56
26,26
0,0
52,52
34,34
72,72
93,93
22,22
27,27
13,13
89,89
30,30
89,89
9,9
68,68
20,20
61,61
68,68
28,28
30,30
86,86
31,31
45,45
44,44
29,29
89,89
25,25
3,3
59,59
31,31
53,53
12,12
37,37
29,29
93,93
1,1
15,15
76,87
41,41
36,36
15,15
82,82
36,36
35,35
37,37
19,19
18,18
63,63
56,56
8,8
72,72
47,47
14,14
76,76
16,16
37,37
46,46
44,44
75,75
81,81
15,15
27,27
73,73
72,72
3,3
75,75
36,36
46,46
18,18
61,61
17,17
51,51
54,54
37,37
46,46
29,29
78,78
22,22
65,65
15,15
94,94
8,8
24,24
76,76
41,41
40,40
65,65
72,72
5,5
70,70
36,36
56,56
2,2
94,94
4,4
78,78
67,67
15,15
55,55
72,72
86,86
86,86
62,58
47,47
92,92
42,42
25,25
12,12
78,78
8,35
42,42
1,1
22,22
64,64
3,3
46,46
56,56
79,79
16,16
43,43
4,4
22,22
4,4
25,25
40,40
68,68
20,20
39,39
79,79
2,2
9,9
52,52
52,52
59,59
92,92
79,79
36,36
84,53
17,17
55,55
42,42
70,70
24,24
70,70
18,18
54,54
81,81
51,51
1,1
53,53
22,22
55,55
22,22
39,39
65,65
49,49
43,43
19,19
67,67
75,75
58,58
48,48
28,28
47,47
30,30
58,58
20,20
70,70
37,37
34,34
30,30
94,94
64,64
66,66
13,13
50,50
70,70
40,40
33,33
59,59
71,71
63,63
1,1
92,92
22,22
62,62
33,33
50,50
0,0
74,74
65,65
15,15
35,35
53,53
17,17
48,48
76,76
19,19
22,22
30,30
65,65
61,61
28,28
42,42
31,31
25,25
61,61
93,93
87,87
36,36
54,54
68,68
74,74
18,18
16,16
2,2
93,93
83,83
77,77
69,69
76,76
3,3
60,60
13,13
66,66
8,8
72,72
34,34
50,50
36,36
67,67
93,93
70,70
45,45
35,58
34,34
22,22
47,47
26,26
84,84
12,12
12,12
90,90
21,21
21,21
46,46
51,51
34,47
29,29
71,71
80,35
34,34
56,56
33,33
77,77
56,56
18,18
38,38
2,2
77,77
38,38
73,73
25,25
42,42
36,36
70,70
29,29
66,66
74,74
92,92
16,16
92,92
56,56
7,7
31,31
72,72
73,73
10,10
20,20
81,81
82,82
57,57
55,55
2,2
3,3
8,8
94,94
20,20
24,24
12,12
6,6
26,26
16,16
14,14
48,48
30,30
73,73
22,22
64,64
53,53
8,8
5,5
56,56
15,15
52,52
53,35
32,32
78,78
74,74
23,23
59,59
23,23
89,89
84,84
88,88
41,41
31,31
94,94
69,69
11,11
78,78
22,22
36,36
76,76
87,87
47,47
74,74
85,85
48,48
66,66
61,61
29,29
94,94
47,47
20,20
7,7
94,94
40,40
91,91
66,66
59,59
45,45
42,42
57,57
65,65
43,43
56,56
66,66
28,28
16,16
1,1
11,11
54,54
45,45
37,37
80,80
85,85
21,21
7,7
13,13
85,85
64,64
73,73
56,56
58,58
70,70
54,54
84,84
74,74
64,64
90,90
85,85
76,76
49,49
31,31
65,65
1,1
73,73
9,9
15,15
62,62
56,56
77,77
62,62
30,30
78,78
9,9
77,77
4,4
77,77
48,48
41,58
75,75
53,53
67,67
18,18
17,17
25,25
34,34
14,14
72,72
44,44
73,73
20,20
62,62
56,56
79,79
46,46
73,73
69,69
0,0
46,46
53,53
71,71
68,68
89,89
80,80
